pdb_id,uniprot,af_available,n_residues,radius_of_gyration,plddt_mean,plddt_median,frac_disordered,ss_helix,ss_sheet,ss_coil,sasa_total,sasa_hydrophobic,sasa_polar,sasa_hydrophobic_frac
9KAL,P37840,True,140,43.411766153700576,,,0.0,0.65,0.0,0.35,14827.285541873163,5715.487502150926,9111.798039722255,0.3854709269616505
6XYO,P37840,True,140,43.411766153700576,,,0.0,0.65,0.0,0.35,14827.285541873163,5715.487502150926,9111.798039722255,0.3854709269616505
7P6A,P10636,True,758,64.38404039731975,,,0.0,0.01978891820580475,0.2862796833773087,0.6939313984168866,99038.22297601012,24419.760464671606,74618.46251133834,0.24656904910931984
5O3L,P10636,True,758,64.38404039731975,,,0.0,0.01978891820580475,0.2862796833773087,0.6939313984168866,99038.22297601012,24419.760464671606,74618.46251133834,0.24656904910931984
9IAH,P02754,True,178,19.700481293070325,,,0.0,0.06179775280898876,0.2247191011235955,0.7134831460674157,10757.707021277773,3273.69809359328,7484.008927684492,0.3043118842257185
9JHG,P02754,True,178,19.700481293070325,,,0.0,0.06179775280898876,0.2247191011235955,0.7134831460674157,10757.707021277773,3273.69809359328,7484.008927684492,0.3043118842257185
9GKF,P09651,True,372,39.332966199321895,,,0.0,0.11827956989247312,0.26344086021505375,0.6182795698924731,33961.77193360887,8249.916434994548,25711.85549861426,0.24291772676414322
7ZJ2,P09651,True,372,39.332966199321895,,,0.0,0.11827956989247312,0.26344086021505375,0.6182795698924731,33961.77193360887,8249.916434994548,25711.85549861426,0.24291772676414322
7LNA,P04156,True,253,31.205461725825096,,,0.0,0.39920948616600793,0.15019762845849802,0.4505928853754941,24150.76352920923,7892.573846690159,16258.189682519058,0.326804319753471
7YAT,P04156,True,253,31.205461725825096,,,0.0,0.39920948616600793,0.15019762845849802,0.4505928853754941,24150.76352920923,7892.573846690159,16258.189682519058,0.326804319753471
