pdb_id,protein,variant,morphology,n_protofilaments,label,source,notes,length,frac_hydrophobic,frac_polar,frac_pos,frac_neg,frac_aromatic,gravy,pI,net_charge_pH7,aromaticity,instability_index,aa_A,aa_C,aa_D,aa_E,aa_F,aa_G,aa_H,aa_I,aa_K,aa_L,aa_M,aa_N,aa_P,aa_Q,aa_R,aa_S,aa_T,aa_V,aa_W,aa_Y,sequence,uniprot,af_available,n_residues,radius_of_gyration,plddt_mean,plddt_median,frac_disordered,ss_helix,ss_sheet,ss_coil,sasa_total,sasa_hydrophobic,sasa_polar,sasa_hydrophobic_frac
9KAL,Alpha-synuclein,WT,single,1,0,Cryo-EM,Single protofilament,140,0.3857142857142857,0.3285714285714285,0.1142857142857142,0.1714285714285714,0.0428571428571428,-0.405,4.6505323410034185,-9.375828963061602,0.0428571428571428,25.597142857142853,13.571428571428571,0.0,5.0,12.142857142857142,1.4285714285714286,12.142857142857142,0.7142857142857143,1.4285714285714286,10.714285714285714,2.857142857142857,2.857142857142857,2.142857142857143,3.5714285714285716,4.285714285714286,0.0,2.857142857142857,7.857142857142857,13.571428571428571,0.0,2.857142857142857,MDVFMKGLSKAKEGVVAAAEKTKQGVAEAAGKTKEGVLYVGSKTKEGVVHDVTTVAAKTKEQVTNVGGAVVTGVTAVAQKTVEGAGSIAAATGFVKKDQLGKNEEGAPQEGILEDMPVDPDNEAYEMPSEEGYQDYEPEA,P37840,True,140,43.411766153700576,,,0.0,0.65,0.0,0.35,14827.285541873163,5715.487502150926,9111.798039722256,0.3854709269616505
6XYO,Alpha-synuclein,WT,multi,2,1,MSA patient,MSA Type I doublet,140,0.3857142857142857,0.3285714285714285,0.1142857142857142,0.1714285714285714,0.0428571428571428,-0.4028571428571428,4.665708351135254,-9.374139262028237,0.0428571428571428,25.46285714285714,13.571428571428571,0.0,4.285714285714286,12.857142857142858,1.4285714285714286,12.857142857142858,0.7142857142857143,1.4285714285714286,10.714285714285714,2.857142857142857,2.857142857142857,2.142857142857143,3.5714285714285716,4.285714285714286,0.0,2.857142857142857,7.142857142857143,13.571428571428571,0.0,2.857142857142857,MDVFMKGLSKAKEGVVAAAEKTKQGVAEAAGKTKEGVLYVGSKTKEGVVHGVATVAEKTKEQVTNVGGAVVTGVTAVAQKTVEGAGSIAAATGFVKKDQLGKNEEGAPQEGILEDMPVDPDNEAYEMPSEEGYQDYEPEA,P37840,True,140,43.411766153700576,,,0.0,0.65,0.0,0.35,14827.285541873163,5715.487502150926,9111.798039722256,0.3854709269616505
7P6A,Tau,3R,single,1,0,Pick's disease,Single protofilament (verified clean),441,0.2517006802721088,0.4625850340136054,0.1587301587301587,0.1269841269841269,0.0181405895691609,-0.8678004535147376,8.236625862121585,2.5859364593794893,0.0181405895691609,47.58888888888889,7.709750566893424,0.4535147392290249,6.575963718820861,6.122448979591836,0.6802721088435374,11.11111111111111,2.7210884353741496,3.401360544217687,9.977324263038549,4.761904761904762,1.3605442176870748,2.494331065759637,9.750566893424036,4.308390022675737,3.1746031746031744,10.20408163265306,7.936507936507937,6.122448979591836,0.0,1.1337868480725624,MAEPRQEFEVMEDHAGTYGLGDRKDQGGYTMHQDQEGDTDAGLKESPLQTPTEDGSEEPGSETSDAKSTPTAEDVTAPLVDEGAPGKQAAAQPHTEIPEGTTAEEAGIGDTPSLEDEAAGHVTQARMVSKSKDGTGSDDKKAKGADGKTKIATPRGAAPPGQKGQANATRIPAKTPPAPKTPPSSGEPPKSGDRSGYSSPGSPGTPGSRSRTPSLPTPPTREPKKVAVVRTPPKSPSSAKSRLQTAPVPMPDLKNVKSKIGSTENLKHQPGGGKVQIINKKLDLSNVQSKCGSKDNIKHVPGGGSVQIVYKPVDLSKVTSKCGSLGNIHHKPGGGQVEVKSEKLDFKDRVQSKIGSLDNITHVPGGGNKKIETHKLTFRENAKAKTDHGAEIVYKSPVVSGDTSPRHLSNVSSTGSIDMVDSPQLATLADEVSASLAKQGL,P10636,True,758,64.38404039731975,,,0.0,0.0197889182058047,0.2862796833773087,0.6939313984168866,99038.22297601012,24419.760464671606,74618.46251133834,0.2465690491093198
5O3L,Tau,3R/4R,multi,2,1,Alzheimer's disease,Paired helical filament (PHF) doublet,73,0.2876712328767123,0.3972602739726027,0.2191780821917808,0.0958904109589041,0.0410958904109589,-0.5452054794520549,9.564223289489746,5.073700570665489,0.0410958904109589,40.552054794520544,0.0,1.36986301369863,5.47945205479452,4.109589041095891,2.73972602739726,12.32876712328767,5.47945205479452,6.8493150684931505,15.068493150684931,6.8493150684931505,0.0,4.109589041095891,4.109589041095891,4.109589041095891,1.36986301369863,8.219178082191782,5.47945205479452,10.95890410958904,0.0,1.36986301369863,VQIVYKPVDLSKVTSKCGSLGNIHHKPGGGQVEVKSEKLDFKDRVQSKIGSLDNITHVPGGGNKKIETHKLTF,P10636,True,758,64.38404039731975,,,0.0,0.0197889182058047,0.2862796833773087,0.6939313984168866,99038.22297601012,24419.760464671606,74618.46251133834,0.2465690491093198
9IAH,Beta-lactoglobulin,WT,single,1,0,Cryo-EM,Single protofilament,34,0.5588235294117647,0.2941176470588235,0.0588235294117647,0.088235294117647,0.0588235294117647,0.6147058823529412,4.428973960876465,-1.2395331059881665,0.0588235294117647,-5.788235294117648,14.705882352941176,0.0,8.823529411764707,0.0,0.0,5.882352941176471,0.0,8.823529411764707,5.882352941176471,14.705882352941176,5.882352941176471,0.0,0.0,5.882352941176471,0.0,8.823529411764707,8.823529411764707,5.882352941176471,2.9411764705882355,2.9411764705882355,LIVTQTMKGLDIQKVAGTWYSLAMAASDISLLDA,P02754,True,178,19.700481293070325,,,0.0,0.0617977528089887,0.2247191011235955,0.7134831460674157,10757.707021277773,3273.69809359328,7484.008927684492,0.3043118842257185
9JHG,Beta-lactoglobulin,WT,multi,2,1,Cryo-EM,Doublet,32,0.5625,0.3125,0.0625,0.0625,0.0625,0.70625,5.959022712707521,-0.2406538669280111,0.0625,-6.775000000000001,12.5,0.0,6.25,0.0,0.0,6.25,0.0,9.375,6.25,15.625,6.25,0.0,0.0,6.25,0.0,9.375,9.375,6.25,3.125,3.125,LIVTQTMKGLDIQKVAGTWYSLAMAASDISLL,P02754,True,178,19.700481293070325,,,0.0,0.0617977528089887,0.2247191011235955,0.7134831460674157,10757.707021277773,3273.69809359328,7484.008927684492,0.3043118842257185
9GKF,hnRNPA1,WT,single,1,0,Cryo-EM,Single protofilament,320,0.265625,0.46875,0.15625,0.109375,0.109375,-0.8787500000000013,9.265605735778806,7.217377437305117,0.109375,43.86406249999996,3.4375,0.625,5.3125,5.625,6.875,20.3125,2.5,2.5,5.625,2.5,1.875,5.625,2.8125,3.125,7.5,10.625,3.75,5.3125,0.3125,3.75,MSKSESPKEPEQLRKLFIGGLSFETTDESLRSHFEQWGTLTDCVVMRDPNTKRSRGFGFVTYATVEEVDAAMNARPHKVDGRVVEPKRAVSREDSQRPGAHLTVKKIFVGGIKEDTEEHHLRDYFEQYGKIEVIEIMTDRGSGKKRGFAFVTFDDHDSVDKIVIQKYHTVNGHNCEVRKALSKQEMASASSSQRGRSGSGNFGGGRGGGFGGNDNFGRGGNFSGRGGFGGSRGGGGYGGSGDGYNGFGNDGSNFGGGGSYNDFGNYNNQSSNFGPMKGGNFGGRSSGPYGGGGQYFAKPRNQGGYGGSSSSSSYGSGRRF,P09651,True,372,39.332966199321895,,,0.0,0.1182795698924731,0.2634408602150537,0.6182795698924731,33961.77193360887,8249.916434994548,25711.85549861426,0.2429177267641432
7ZJ2,hnRNPA1,WT,multi,2,1,Cryo-EM,Doublet,320,0.265625,0.46875,0.15625,0.109375,0.109375,-0.8787500000000013,9.265605735778806,7.217377437305117,0.109375,43.86406249999996,3.4375,0.625,5.3125,5.625,6.875,20.3125,2.5,2.5,5.625,2.5,1.875,5.625,2.8125,3.125,7.5,10.625,3.75,5.3125,0.3125,3.75,MSKSESPKEPEQLRKLFIGGLSFETTDESLRSHFEQWGTLTDCVVMRDPNTKRSRGFGFVTYATVEEVDAAMNARPHKVDGRVVEPKRAVSREDSQRPGAHLTVKKIFVGGIKEDTEEHHLRDYFEQYGKIEVIEIMTDRGSGKKRGFAFVTFDDHDSVDKIVIQKYHTVNGHNCEVRKALSKQEMASASSSQRGRSGSGNFGGGRGGGFGGNDNFGRGGNFSGRGGFGGSRGGGGYGGSGDGYNGFGNDGSNFGGGGSYNDFGNYNNQSSNFGPMKGGNFGGRSSGPYGGGGQYFAKPRNQGGYGGSSSSSSYGSGRRF,P09651,True,372,39.332966199321895,,,0.0,0.1182795698924731,0.2634408602150537,0.6182795698924731,33961.77193360887,8249.916434994548,25711.85549861426,0.2429177267641432
7LNA,Prion,WT,single,1,0,Cryo-EM,Single protofilament,142,0.3309859154929577,0.4295774647887324,0.1478873239436619,0.0915492957746478,0.1056338028169014,-0.9978873239436624,8.856618309020995,3.1845063575337313,0.1056338028169014,38.43943661971827,5.633802816901408,1.408450704225352,4.225352112676056,4.929577464788732,2.112676056338028,9.859154929577464,3.5211267605633805,2.816901408450704,5.633802816901408,1.408450704225352,6.338028169014085,9.154929577464788,3.5211267605633805,7.042253521126761,5.633802816901408,3.5211267605633805,8.450704225352112,6.338028169014085,1.408450704225352,7.042253521126761,GQGGGTHNQWNKPSKPKTNMKHMAGAAAAGAVVGGLGGYMLGSAMSRPMMHFGNDWEDRYYRENMNRYPNQVYYRPVDQYNNQNNFVHDCVNITIKQHTVTTTTKGENFTETDIKIMERVVEQMCTTQYQKESQAYYDGRRS,P04156,True,253,31.205461725825096,,,0.0,0.3992094861660079,0.150197628458498,0.4505928853754941,24150.76352920923,7892.573846690159,16258.189682519058,0.326804319753471
7YAT,Prion,WT,multi,4,1,Cryo-EM,Tetra-protofilament assembly,25,0.48,0.44,0.08,0.0,0.08,0.4599999999999998,8.75482273101807,0.8462668015448875,0.08,71.04400000000001,8.0,0.0,0.0,0.0,4.0,28.0,4.0,0.0,0.0,8.0,16.0,4.0,4.0,0.0,4.0,8.0,0.0,8.0,0.0,4.0,GAVVGGLGGYMLGSAMSRPMMHFGN,P04156,True,253,31.205461725825096,,,0.0,0.3992094861660079,0.150197628458498,0.4505928853754941,24150.76352920923,7892.573846690159,16258.189682519058,0.326804319753471
